Name,Slug,Collection ID,Item ID,Created On,Updated On,Published On,External Link,Thumbnail,Description,Date,Type
The Student National Medical Association,the-student-national-medical-association,5f0b4420d3ce596edff35a1c,5f10bfbf9f32a4427704b8ae,Thu Jul 16 2020 20:59:43 GMT+0000 (Coordinated Universal Time),Thu Jul 16 2020 20:59:43 GMT+0000 (Coordinated Universal Time),Thu Jul 16 2020 21:02:19 GMT+0000 (Coordinated Universal Time),https://snma.org/?,https://uploads-ssl.webflow.com/5edfdc4615dbd34ff38974f4/5f10bfbe0be3ad49ec65cfc6_studentnationalmedicalassociation.png,"Supporting current and future underrepresented minority medical students, addressing the needs of underserved communities, and increasing the number of clinically excellent, culturally competent and socially conscious physicians.",,Black Healthcare Professional Organizations 
National Organization of Blacks in Dietetics and Nutrition ,national-organization-of-blacks-in-dietetics-and-nutrition,5f0b4420d3ce596edff35a1c,5f10bf8c1fac7a5fd9b1fe3b,Thu Jul 16 2020 20:58:52 GMT+0000 (Coordinated Universal Time),Thu Jul 16 2020 20:58:52 GMT+0000 (Coordinated Universal Time),Thu Jul 16 2020 21:02:19 GMT+0000 (Coordinated Universal Time),https://www.nobidan.org/home,https://uploads-ssl.webflow.com/5edfdc4615dbd34ff38974f4/5f10bf75cf312d5f828377b9_nutritionanddietetics.jpg,"Provide a forum for professional development and support of dietetics, optimal nutrition and well-being for the general public, particularly those of African descent.",,Black Healthcare Professional Organizations 
National Medical Association,national-medical-association,5f0b4420d3ce596edff35a1c,5f10bf36f062f050052c4901,Thu Jul 16 2020 20:57:26 GMT+0000 (Coordinated Universal Time),Thu Jul 16 2020 20:57:26 GMT+0000 (Coordinated Universal Time),Thu Jul 16 2020 21:02:19 GMT+0000 (Coordinated Universal Time),https://www.nmanet.org,https://uploads-ssl.webflow.com/5edfdc4615dbd34ff38974f4/5f10bf3543cb26bf3d2b2ba8_nationalmedicalassociation.jpg,Continues to be the conscience of American medicine by working to end the disparities in health care and to improve the quality of health of minorities.,,Black Healthcare Professional Organizations 
National Dental Hygienist Association,national-dental-hygienist-association,5f0b4420d3ce596edff35a1c,5f10be6fd4693149465addaf,Thu Jul 16 2020 20:54:07 GMT+0000 (Coordinated Universal Time),Thu Jul 16 2020 20:54:07 GMT+0000 (Coordinated Universal Time),Thu Jul 16 2020 21:02:19 GMT+0000 (Coordinated Universal Time),https://www.ndhaonline.org/,https://uploads-ssl.webflow.com/5edfdc4615dbd34ff38974f4/5f10be6c5a89e4d0f781e67f_nationaldentalhygenists.png,Promote the highest educational and ethical standards for dental hygienists.Create definite position statements on issues impacting the profession of dental hygiene.,,Black Healthcare Professional Organizations 
National Association of Black Narcotics Agents,national-association-of-black-narcotics-agents,5f0b4420d3ce596edff35a1c,5f10be2f1fac7a4675b1fe08,Thu Jul 16 2020 20:53:03 GMT+0000 (Coordinated Universal Time),Thu Jul 16 2020 20:53:03 GMT+0000 (Coordinated Universal Time),Thu Jul 16 2020 21:02:19 GMT+0000 (Coordinated Universal Time),https://nabna.org/,https://uploads-ssl.webflow.com/5edfdc4615dbd34ff38974f4/5f10be2cd5608e3fa9ef062a_nationalassocationblacknarcoticsagents.png,"To develop methods of improving the image of narcotic law enforcement as a viable career choice among members of the minority community, and to assist such law enforcement agencies in the recruitment of minority persons as employees",,Black Healthcare Professional Organizations 
National African American Insurance Association,national-african-american-insurance-association,5f0b4420d3ce596edff35a1c,5f10ba2e68f27c0744dfa109,Thu Jul 16 2020 20:35:58 GMT+0000 (Coordinated Universal Time),Thu Jul 16 2020 20:35:58 GMT+0000 (Coordinated Universal Time),Thu Jul 16 2020 21:02:19 GMT+0000 (Coordinated Universal Time),https://www.naaia.org/,https://uploads-ssl.webflow.com/5edfdc4615dbd34ff38974f4/5f10ba2d063ee59a87aad666_nationalAAinsurance.png,Organized to create a network among people of color and others employed in or affiliated with the insurance industry,,Black Healthcare Professional Organizations 
Association of Black  Women Physicians,association-of-black-women-physicians,5f0b4420d3ce596edff35a1c,5f10b9b5401e5f809f495695,Thu Jul 16 2020 20:33:57 GMT+0000 (Coordinated Universal Time),Thu Jul 16 2020 20:33:57 GMT+0000 (Coordinated Universal Time),Thu Jul 16 2020 21:02:19 GMT+0000 (Coordinated Universal Time),https://www.blackwomenphysicians.org/,https://uploads-ssl.webflow.com/5edfdc4615dbd34ff38974f4/5f10b978fde46dbe1a380538_associationblackwomenphysicians.png,"Committed to the improvement of public health and welfare, through the advancement of knowledge concerning women and the community health. ",,Black Healthcare Professional Organizations 
Black Women's Health Imperative,black-womens-health-imperative-2,5f0b4420d3ce596edff35a1c,5f10b8805d6f69bd4fae1701,Thu Jul 16 2020 20:28:48 GMT+0000 (Coordinated Universal Time),Thu Jul 16 2020 20:28:48 GMT+0000 (Coordinated Universal Time),Thu Jul 16 2020 21:02:19 GMT+0000 (Coordinated Universal Time),https://bwhi.org/,https://uploads-ssl.webflow.com/5edfdc4615dbd34ff38974f4/5f10b873bc4470a13fd340fb_blackwomenshealthimperative.png,"We target the most pressing health issues that affect Black women and girls in the U.S. through investments in evidence based strategies, bold programs and advocacy outreach on health policies.",,Black Healthcare Professional Organizations 
"Association of Black Cardiologists, Inc.",association-of-black-cardiologists-inc-2,5f0b4420d3ce596edff35a1c,5f10b562660ccde449be1db8,Thu Jul 16 2020 20:15:30 GMT+0000 (Coordinated Universal Time),Thu Jul 16 2020 20:20:44 GMT+0000 (Coordinated Universal Time),Thu Jul 16 2020 21:02:19 GMT+0000 (Coordinated Universal Time),http://www.abcardio.org/,https://uploads-ssl.webflow.com/5edfdc4615dbd34ff38974f4/5f10b69832f628eed270a6fc_associationblackcardiologists.png,"Promote the Prevention and Treatment of Cardiovascular Disease, including Stroke, in Blacks and other Minorities and to Achieve Health Equity for all through the Elimination of Disparities.",,Black Healthcare Professional Organizations 
African American Breast Cancer Alliance,african-american-breast-cancer-alliance-2,5f0b4420d3ce596edff35a1c,5f10b53e7b1d8a5065e17c90,Thu Jul 16 2020 20:14:54 GMT+0000 (Coordinated Universal Time),Thu Jul 16 2020 20:14:54 GMT+0000 (Coordinated Universal Time),Thu Jul 16 2020 21:02:19 GMT+0000 (Coordinated Universal Time),https://aabcainc.org/,https://uploads-ssl.webflow.com/5edfdc4615dbd34ff38974f4/5f10b53c2f5ac3b3d24c0d58_africanamericanbreastcanceralliance.png,"""Building awareness, networking, resources and support for Black women and men impacted by breast cancer. """,,Black Healthcare Professional Organizations 
White Coats for Black Lives,white-coats-for-black-lives-2,5f0b4420d3ce596edff35a1c,5f10ab8160aff517bd9abe76,Thu Jul 16 2020 19:33:21 GMT+0000 (Coordinated Universal Time),Thu Jul 16 2020 19:33:21 GMT+0000 (Coordinated Universal Time),Thu Jul 16 2020 21:02:19 GMT+0000 (Coordinated Universal Time),https://whitecoats4blacklives.org/about/,https://uploads-ssl.webflow.com/5edfdc4615dbd34ff38974f4/5f10ab7140c95662f59035dc_white_coats_for_black_lives.png,"To dismantle racism in medicine and promote the health, well-being, and self-determination of people of color. ",,Black Healthcare Professional Organizations 
Society for the Analysis of African American Public Health Issues,society-for-the-analysis-of-african-american-public-health-issues-2,5f0b4420d3ce596edff35a1c,5f10aae8d0a5aa2f8d12a6e1,Thu Jul 16 2020 19:30:48 GMT+0000 (Coordinated Universal Time),Thu Jul 16 2020 19:30:48 GMT+0000 (Coordinated Universal Time),Thu Jul 16 2020 21:02:19 GMT+0000 (Coordinated Universal Time),https://www.saaphi.org/,https://uploads-ssl.webflow.com/5edfdc4615dbd34ff38974f4/5f10aae552bad443d3b3a57e_Society_analysis_african_camerica.png,"Promotes and utilizes research to inform scientific knowledge, program development and policy decisions, advocates for appropriate public policies for health promotion and disease prevention among African Americans,",,Black Healthcare Professional Organizations 
National Black Nurses Association Inc.,national-black-nurses-association-inc-2,5f0b4420d3ce596edff35a1c,5f10aa665eb5feb42eac9388,Thu Jul 16 2020 19:28:38 GMT+0000 (Coordinated Universal Time),Thu Jul 16 2020 19:28:38 GMT+0000 (Coordinated Universal Time),Thu Jul 16 2020 21:02:19 GMT+0000 (Coordinated Universal Time),https://www.nbna.org/,https://uploads-ssl.webflow.com/5edfdc4615dbd34ff38974f4/5f10aa63c0554fbea224d071_National_black_nurses_association.png,"""NBNA Mission: To serve as the voice for Black nurses and diverse populations ensuring equal access to professional development, promoting educational opportunities and improving health. """,,Black Healthcare Professional Organizations 
National Institute on Minority Health and Health Disparities ,national-institute-on-minority-health-and-health-disparities-2,5f0b4420d3ce596edff35a1c,5f10aa2eebc5491df997d0a0,Thu Jul 16 2020 19:27:42 GMT+0000 (Coordinated Universal Time),Thu Jul 16 2020 19:27:42 GMT+0000 (Coordinated Universal Time),Thu Jul 16 2020 21:02:19 GMT+0000 (Coordinated Universal Time),https://www.nimhd.nih.gov/,https://uploads-ssl.webflow.com/5edfdc4615dbd34ff38974f4/5f10aa2c85db2a68dce1a468_national_institue_minority_health_disparities.png,Mission: to improve minority health and reduce health disparities,,Black Healthcare Professional Organizations 
Black Ladies in Public Health,black-ladies-in-public-health-2,5f0b4420d3ce596edff35a1c,5f10a9e84813e01d27c78df8,Thu Jul 16 2020 19:26:32 GMT+0000 (Coordinated Universal Time),Thu Jul 16 2020 19:26:32 GMT+0000 (Coordinated Universal Time),Thu Jul 16 2020 21:02:19 GMT+0000 (Coordinated Universal Time),https://bliph.org/,https://uploads-ssl.webflow.com/5edfdc4615dbd34ff38974f4/5f10a9e685db2a8434e1a44e_bliph-logo-nav.png,We connect people and organizations that prioritize the health and lives of Black women and their families.,,Black Healthcare Professional Organizations 
The National Association of Health Services Executives (NAHSE),the-national-association-of-health-services-executives-nahse-2,5f0b4420d3ce596edff35a1c,5f10a9371b069850ef8a08e3,Thu Jul 16 2020 19:23:35 GMT+0000 (Coordinated Universal Time),Thu Jul 16 2020 19:23:35 GMT+0000 (Coordinated Universal Time),Thu Jul 16 2020 21:02:19 GMT+0000 (Coordinated Universal Time),https://www.nahse.org/about-nahse/,https://uploads-ssl.webflow.com/5edfdc4615dbd34ff38974f4/5f10a92c1bed6e7bf492b66b_National_association_health_services_Executives.png,"""Mission: to promote the advancement and development of Black health care leaders, and elevating the quality of health care services rendered to minority and underserved communities. """,,Black Healthcare Professional Organizations 
ElevateMed,elevatemed,5f0b4420d3ce596edff35a1c,5f10a8806d1981b64054a7bd,Thu Jul 16 2020 19:20:32 GMT+0000 (Coordinated Universal Time),Thu Jul 16 2020 19:20:32 GMT+0000 (Coordinated Universal Time),Thu Jul 16 2020 21:02:19 GMT+0000 (Coordinated Universal Time),https://www.elevatemed.org/,https://uploads-ssl.webflow.com/5edfdc4615dbd34ff38974f4/5efb55319a346b3164211734_elevatemed.jpg,Prioritizing physician workforce diversity. Closing the gap of financial inequity in medical education. Empowering the next generation of physician leaders.,,https://www.elevatemed.org/
Southern Black Policy & Advocacy Netwrok,southern-black-policy-advocacy-netwrok,5f0b4420d3ce596edff35a1c,5f109f8b7e45d941d3f1162a,Thu Jul 16 2020 18:42:19 GMT+0000 (Coordinated Universal Time),Thu Jul 16 2020 18:42:19 GMT+0000 (Coordinated Universal Time),Thu Jul 16 2020 18:58:47 GMT+0000 (Coordinated Universal Time),https://www.sbpan.org/,https://uploads-ssl.webflow.com/5edfdc4615dbd34ff38974f4/5f109f88a8d8355af84032a3_sbpaw_logo_color.png,The Southern Black Policy and Advocacy Network is to improve health outcomes and to reduce social and economic disparities impacting Black communities living in the U.S. South.,,Reproductive/Preventative Health
Black Men's Health Initiative,black-mens-health-initiative,5f0b4420d3ce596edff35a1c,5f109eec1180446fe66e3bd3,Thu Jul 16 2020 18:39:40 GMT+0000 (Coordinated Universal Time),Thu Jul 16 2020 18:39:40 GMT+0000 (Coordinated Universal Time),Thu Jul 16 2020 18:58:47 GMT+0000 (Coordinated Universal Time),http://www.bmhi.org/,https://uploads-ssl.webflow.com/5edfdc4615dbd34ff38974f4/5f109ee9ab8dab2acf785dc7_blackmenshealthinitiative.png,Focused on community competent prevention education and innovative interventions that will have direct results in lowering risk and improving the health status of Black men. ,,Reproductive/Preventative Health
PRINCESS JANAE PLACE,princess-janae-place,5f0b4420d3ce596edff35a1c,5f109ea1eb9b273c83b248a8,Thu Jul 16 2020 18:38:25 GMT+0000 (Coordinated Universal Time),Thu Jul 16 2020 18:38:25 GMT+0000 (Coordinated Universal Time),Thu Jul 16 2020 18:58:47 GMT+0000 (Coordinated Universal Time),https://princessjanaeplace.org/index.php,https://uploads-ssl.webflow.com/5edfdc4615dbd34ff38974f4/5f109e69c445a239c872fbdb_princessjanae.png,The mission of Princess Janae Place is to help people of trans experience maximize their full potential as they transition from homelessness to independent living.,,Reproductive/Preventative Health
Gays and Lesbians Living In a Transgender Society,gays-and-lesbians-living-in-a-transgender-society,5f0b4420d3ce596edff35a1c,5f109dd03b261e48b90255aa,Thu Jul 16 2020 18:34:56 GMT+0000 (Coordinated Universal Time),Thu Jul 16 2020 18:34:56 GMT+0000 (Coordinated Universal Time),Thu Jul 16 2020 18:58:47 GMT+0000 (Coordinated Universal Time),https://www.glitsinc.org/,https://uploads-ssl.webflow.com/5edfdc4615dbd34ff38974f4/5f109dc5ca3d8a2f2d313f1e_GLITS.jpg,"We approach the health and rights crises faced by transgender sex workers holistically using harm reduction, human rights principles, economic and social justice, along with a commitment to empowerment and pride in finding solutions from our own community. ",,Reproductive/Preventative Health
The Trevor Project,the-trevor-project,5f0b4420d3ce596edff35a1c,5f109d62976ba1c36ff72eb6,Thu Jul 16 2020 18:33:06 GMT+0000 (Coordinated Universal Time),Thu Jul 16 2020 18:33:06 GMT+0000 (Coordinated Universal Time),Thu Jul 16 2020 18:58:47 GMT+0000 (Coordinated Universal Time),https://www.thetrevorproject.org/,https://uploads-ssl.webflow.com/5edfdc4615dbd34ff38974f4/5f109d5fa7439a09f706ba32_Trevorproject.svg,"The leading national organization providing crisis intervention and suicide prevention services to lesbian, gay, bisexual, transgender, queer & questioning (LGBTQ) young people under 25.",,Reproductive/Preventative Health
Black Aids Institute,black-aids-institute,5f0b4420d3ce596edff35a1c,5f109c9cd5139284b8b46cf9,Thu Jul 16 2020 18:29:48 GMT+0000 (Coordinated Universal Time),Thu Jul 16 2020 18:30:43 GMT+0000 (Coordinated Universal Time),Thu Jul 16 2020 18:58:47 GMT+0000 (Coordinated Universal Time),https://blackaids.org/,https://uploads-ssl.webflow.com/5edfdc4615dbd34ff38974f4/5f109cd0ac9d56b371fae8fe_BAI-seal-black.png,Committed to exposing the systems and roots of oppression used around the world and in the US to particularly marginalize Black people as a whole. ,,Reproductive/Preventative Health
Sister Song,sister-song,5f0b4420d3ce596edff35a1c,5f109c45bcb8b1c7f0805f07,Thu Jul 16 2020 18:28:21 GMT+0000 (Coordinated Universal Time),Thu Jul 16 2020 18:28:21 GMT+0000 (Coordinated Universal Time),Thu Jul 16 2020 18:58:47 GMT+0000 (Coordinated Universal Time),https://sistersong.nationbuilder.com/,https://uploads-ssl.webflow.com/5edfdc4615dbd34ff38974f4/5f109bf6a30ee9ae95a4f367_Sister_Song_Logo-JPG_SMALL.jpg,To strengthen and amplify the collective voices of indigenous women and women of color to achieve reproductive justice by eradicatng reproductive oppression and securing human rights ,,Reproductive/Preventative Health
National Black Disability Coalition,national-black-disability-coalition,5f0b4420d3ce596edff35a1c,5f109bc632ef8bf5fe292bb7,Thu Jul 16 2020 18:26:14 GMT+0000 (Coordinated Universal Time),Thu Jul 16 2020 18:28:42 GMT+0000 (Coordinated Universal Time),Thu Jul 16 2020 18:58:47 GMT+0000 (Coordinated Universal Time),https://www.blackdisability.org/,https://uploads-ssl.webflow.com/5edfdc4615dbd34ff38974f4/5f109bc220f7d939166ee309_NBDC-header-1.jpg,"Nation’s organization for all Black disabled people. Membership and partners includes Black disabled organizations, disabled people, parents, family members, faith based, non-profits, and academic and policy leaders.",,Reproductive/Preventative Health
Growing and Glowing,growing-and-glowing,5f0b4420d3ce596edff35a1c,5f109ab0976ba17238f72b85,Thu Jul 16 2020 18:21:36 GMT+0000 (Coordinated Universal Time),Thu Jul 16 2020 18:21:36 GMT+0000 (Coordinated Universal Time),Thu Jul 16 2020 18:58:47 GMT+0000 (Coordinated Universal Time),https://growingandglowing.org/,https://uploads-ssl.webflow.com/5edfdc4615dbd34ff38974f4/5f109aaddc229c1cc6aba747_growing_and_glowing.png,Growing & Glowing connects black women to resources and trusted partners to support the unique experiences of motherhood,,Reproductive/Preventative Health
Black Health Care Coalition,black-health-care-coalition,5f0b4420d3ce596edff35a1c,5f0b44b7836652098c8ef195,Sun Jul 12 2020 17:13:27 GMT+0000 (Coordinated Universal Time),Sun Jul 12 2020 17:32:30 GMT+0000 (Coordinated Universal Time),Sun Jul 12 2020 18:44:25 GMT+0000 (Coordinated Universal Time),http://www.bhcckc.org/,https://uploads-ssl.webflow.com/5edfdc4615dbd34ff38974f4/5f0b492d8385165a526f70b2_black_health_care.jpeg,"Our mission to eliminate health disparities through advocacy, access to care and health promotion activities",,Black Healthcare Professional Organizations
African American Health Program,african-american-health-program,5f0b4420d3ce596edff35a1c,5f0b44b7eb9a867ae3369074,Sun Jul 12 2020 17:13:27 GMT+0000 (Coordinated Universal Time),Sun Jul 12 2020 17:31:31 GMT+0000 (Coordinated Universal Time),Sun Jul 12 2020 18:44:25 GMT+0000 (Coordinated Universal Time),http://aahpmontgomerycounty.org/mission-vision-strategy/,https://uploads-ssl.webflow.com/5edfdc4615dbd34ff38974f4/5f0b48f17221921723d4b4f7_african_american_health_program.jpg,"To eliminate health disparities and improve the number and quality of years of life for African Americans and people of African descent in Montgomery County, MD",,Black Healthcare Professional Organizations
Sisters Network,sisters-network,5f0b4420d3ce596edff35a1c,5f0b44b779f2f25fdb834361,Sun Jul 12 2020 17:13:27 GMT+0000 (Coordinated Universal Time),Sun Jul 12 2020 17:53:12 GMT+0000 (Coordinated Universal Time),Sun Jul 12 2020 18:44:25 GMT+0000 (Coordinated Universal Time),http://www.sistersnetworkinc.org/mission.html,https://uploads-ssl.webflow.com/5edfdc4615dbd34ff38974f4/5f0b4e0733f77001925cfd06_Sisters_network.jpeg,to increasing local and national attention to the devastating impact that breast cancer has in the African American community.,,Black Healthcare Professional Organizations
National Black Child Development Institute,national-black-child-development-institute,5f0b4420d3ce596edff35a1c,5f0b44b68b78ae4b3d3d162c,Sun Jul 12 2020 17:13:26 GMT+0000 (Coordinated Universal Time),Sun Jul 12 2020 17:52:18 GMT+0000 (Coordinated Universal Time),Sun Jul 12 2020 18:44:25 GMT+0000 (Coordinated Universal Time),https://www.nbcdi.org/,https://uploads-ssl.webflow.com/5edfdc4615dbd34ff38974f4/5f0b4dd0849c2b4252c8af90_national_black_child_development.jpeg,our mission to improve and advance the quality of life for Black children and their families through education and advocacy.,,Black Healthcare Professional Organizations
Black Women's Health Imperative,black-womens-health-imperative,5f0b4420d3ce596edff35a1c,5f0b44b6b1f67f92a69a3b63,Sun Jul 12 2020 17:13:26 GMT+0000 (Coordinated Universal Time),Sun Jul 12 2020 17:37:17 GMT+0000 (Coordinated Universal Time),Sun Jul 12 2020 18:44:25 GMT+0000 (Coordinated Universal Time),https://bwhi.org/,https://uploads-ssl.webflow.com/5edfdc4615dbd34ff38974f4/5f0b4a4b40228a24c4b7649d_black_womens_health_imperative.jpg,"We target the most pressing health issues that affect Black women and girls in the U.S. through investments in evidence based strategies, bold programs and advocacy outreach on health policies.",,Black Healthcare Professional Organizations
"Association of Minority Health Professions School,Inc.",association-of-minority-health-professions-school-inc,5f0b4420d3ce596edff35a1c,5f0b44b62f29ebf2ab182253,Sun Jul 12 2020 17:13:26 GMT+0000 (Coordinated Universal Time),Sun Jul 12 2020 17:32:00 GMT+0000 (Coordinated Universal Time),Sun Jul 12 2020 18:44:25 GMT+0000 (Coordinated Universal Time),https://www.minorityhealth.org/about/,https://uploads-ssl.webflow.com/5edfdc4615dbd34ff38974f4/5f0b490df32467b55871eabd_association_of_minority_health.jpeg,Minority Health is a company specialised in digestive health,,Black Healthcare Professional Organizations
"Association of Black Cardiologists, Inc.",association-of-black-cardiologists-inc,5f0b4420d3ce596edff35a1c,5f0b44b6b1f67f3a319a3b62,Sun Jul 12 2020 17:13:26 GMT+0000 (Coordinated Universal Time),Sun Jul 12 2020 17:31:49 GMT+0000 (Coordinated Universal Time),Sun Jul 12 2020 18:44:25 GMT+0000 (Coordinated Universal Time),http://www.abcardio.org/,https://uploads-ssl.webflow.com/5edfdc4615dbd34ff38974f4/5f0b49031293a2e58c5b7717_association_black_cardiologists.jpg,"Promote the Prevention and Treatment of Cardiovascular Disease, including Stroke, in Blacks and other Minorities and to Achieve Health Equity for all through the Elimination of Disparities.",,Black Healthcare Professional Organizations
African American Breast Cancer Alliance,african-american-breast-cancer-alliance,5f0b4420d3ce596edff35a1c,5f0b44b5eb57f2d28e6401a4,Sun Jul 12 2020 17:13:25 GMT+0000 (Coordinated Universal Time),Sun Jul 12 2020 17:31:23 GMT+0000 (Coordinated Universal Time),Sun Jul 12 2020 18:44:25 GMT+0000 (Coordinated Universal Time),https://aabcainc.org/,https://uploads-ssl.webflow.com/5edfdc4615dbd34ff38974f4/5f0b48ea066bae1a41b0b559_african_american_breast_cancer_alliance.jpeg,"Building awareness, networking, resources and support for Black women and men impacted by breast cancer.",,Black Healthcare Professional Organizations
National African American Tobacco Education Network,national-african-american-tobacco-education-network,5f0b4420d3ce596edff35a1c,5f0b44b54381e451a43862c2,Sun Jul 12 2020 17:13:25 GMT+0000 (Coordinated Universal Time),Sun Jul 12 2020 18:49:55 GMT+0000 (Coordinated Universal Time),Sun Jul 12 2020 18:50:11 GMT+0000 (Coordinated Universal Time),https://www.naatpn.org/,https://uploads-ssl.webflow.com/5edfdc4615dbd34ff38974f4/5f0b5b5199101778291e65e9_NAATEN.jpg,"facilitate the implementation and promotion of comprehensive policies, community-led programs and culturally competent public health campaigns that benefit African Americans.",,Black Healthcare Professional Organizations
White Coats for Black Lives,white-coats-for-black-lives,5f0b4420d3ce596edff35a1c,5f0b44b5067758db6f63aae7,Sun Jul 12 2020 17:13:25 GMT+0000 (Coordinated Universal Time),Sun Jul 12 2020 17:55:30 GMT+0000 (Coordinated Universal Time),Sun Jul 12 2020 18:44:25 GMT+0000 (Coordinated Universal Time),https://whitecoats4blacklives.org/about/,https://uploads-ssl.webflow.com/5edfdc4615dbd34ff38974f4/5f0b4e91992a5eafeca43280_white_coats_for_black_lives.jpg,"To dismantle racism in medicine and promote the health, well-being, and self-determination of people of color.",,Black Healthcare Professional Organizations
Society for the Analysis of African American Public Health Issues,society-for-the-analysis-of-african-american-public-health-issues,5f0b4420d3ce596edff35a1c,5f0b44b5e0bde8d118503b32,Sun Jul 12 2020 17:13:25 GMT+0000 (Coordinated Universal Time),Sun Jul 12 2020 17:53:21 GMT+0000 (Coordinated Universal Time),Sun Jul 12 2020 18:44:25 GMT+0000 (Coordinated Universal Time),https://www.saaphi.org/,https://uploads-ssl.webflow.com/5edfdc4615dbd34ff38974f4/5f0b4e0e14ae482f3dc3818d_society_for_the_analysis_of%20african.png,"Promotes and utilizes research to inform scientific knowledge, program development and policy decisions, advocates for appropriate public policies for health promotion and disease prevention among African Americans,",,Black Healthcare Professional Organizations
National Black Nurses Association Inc.,national-black-nurses-association-inc,5f0b4420d3ce596edff35a1c,5f0b44b5b328f3170768efd3,Sun Jul 12 2020 17:13:25 GMT+0000 (Coordinated Universal Time),Sun Jul 12 2020 17:52:26 GMT+0000 (Coordinated Universal Time),Sun Jul 12 2020 18:44:25 GMT+0000 (Coordinated Universal Time),https://www.nbna.org/,https://uploads-ssl.webflow.com/5edfdc4615dbd34ff38974f4/5f0b4dd8fda6701d6ee7edac_national_black_nurses_association.jpg,"NBNA Mission: To serve as the voice for Black nurses and diverse populations ensuring equal access to professional development, promoting educational opportunities and improving health.",,Black Healthcare Professional Organizations
National Institute on Minority Health and Health Disparities,national-institute-on-minority-health-and-health-disparities,5f0b4420d3ce596edff35a1c,5f0b44b45a00da552b6428dc,Sun Jul 12 2020 17:13:24 GMT+0000 (Coordinated Universal Time),Sun Jul 12 2020 17:52:34 GMT+0000 (Coordinated Universal Time),Sun Jul 12 2020 18:44:25 GMT+0000 (Coordinated Universal Time),https://www.nimhd.nih.gov/,https://uploads-ssl.webflow.com/5edfdc4615dbd34ff38974f4/5f0b4de127f3d31b13b231aa_national_institute_on_minority_health.jpg,Mission: to improve minority health and reduce health disparities,,Black Healthcare Professional Organizations
Black Ladies in Public Health,black-ladies-in-public-health,5f0b4420d3ce596edff35a1c,5f0b44b4a80be0cbe5d21b99,Sun Jul 12 2020 17:13:24 GMT+0000 (Coordinated Universal Time),Sun Jul 12 2020 17:35:29 GMT+0000 (Coordinated Universal Time),Sun Jul 12 2020 18:44:25 GMT+0000 (Coordinated Universal Time),https://bliph.org/,https://uploads-ssl.webflow.com/5edfdc4615dbd34ff38974f4/5f0b49e0b048996c7408eece_black_ladies_in_public_health.jpeg,We connect people and organizations that prioritize the health and lives of Black women and their families.,,Black Healthcare Professional Organizations
The National Association of Health Services Executives (NAHSE),the-national-association-of-health-services-executives-nahse,5f0b4420d3ce596edff35a1c,5f0b44b4e19197757126ff35,Sun Jul 12 2020 17:13:24 GMT+0000 (Coordinated Universal Time),Sun Jul 12 2020 17:54:28 GMT+0000 (Coordinated Universal Time),Sun Jul 12 2020 18:44:25 GMT+0000 (Coordinated Universal Time),https://www.nahse.org/about-nahse/,https://uploads-ssl.webflow.com/5edfdc4615dbd34ff38974f4/5f0b4e51f3246742ee71f18e_national_association_of_health_services_executive.jpg,"Mission: to promote the advancement and development of Black health care leaders, and elevating the quality of health care services rendered to minority and underserved communities.",,Black Healthcare Professional Organizations
Black Nurses Rock,black-nurses-rock,5f0b4420d3ce596edff35a1c,5f0b44b4489a57ae7380f564,Sun Jul 12 2020 17:13:24 GMT+0000 (Coordinated Universal Time),Sun Jul 12 2020 17:36:09 GMT+0000 (Coordinated Universal Time),Sun Jul 12 2020 18:44:25 GMT+0000 (Coordinated Universal Time),https://blacknursesrock.com/,https://uploads-ssl.webflow.com/5edfdc4615dbd34ff38974f4/5f0b4a065dca8013c05fc1ae_black_nurses_rock.jpg,Mission: To inspire and empower innovative leaders that will serve and educate vulnerable communities.,,Black Healthcare Professional Organizations
COVID-19 and Sickle Cell Disease with special guests Dr. Milford W. Greene and Dr. Biree Andemariam.,covid-19-and-sickle-cell-disease-with-special-guests-dr-milford-w-greene-and-dr-biree-andemariam,5f0b4420d3ce596edff35a1c,5f0b44b34ae41f141ad7668d,Sun Jul 12 2020 17:13:23 GMT+0000 (Coordinated Universal Time),Sun Jul 12 2020 17:53:02 GMT+0000 (Coordinated Universal Time),Sun Jul 12 2020 18:44:25 GMT+0000 (Coordinated Universal Time),https://www.youtube.com/watch?v=OAFVFtoREvg&t=1s&mc_cid=51bd86e3ce&mc_eid=0e6dc6131a,https://uploads-ssl.webflow.com/5edfdc4615dbd34ff38974f4/5f0b4dfc6632f7158363d41b_sickle_cell_and_covid19.jpg,Sickle Cell Disease is common among the black community. Please view for more information on how to combat COVID19 with Sickle Cell.,"Recorded, 12:00 PM ET",Virtual Health Event
The Black Health Matters Virtual Summit,the-black-health-matters-virtual-summit,5f0b4420d3ce596edff35a1c,5f0b44b36675354e16a10d9f,Sun Jul 12 2020 17:13:23 GMT+0000 (Coordinated Universal Time),Sun Jul 12 2020 17:53:51 GMT+0000 (Coordinated Universal Time),Sun Jul 12 2020 18:44:25 GMT+0000 (Coordinated Universal Time),https://blackhealthmatterssummit.vfairs.com/?mc_cid=8a4821d993&mc_eid=0e6dc6131a,https://uploads-ssl.webflow.com/5edfdc4615dbd34ff38974f4/5f0b4935e32edc9d8e8fae3b_black_health_matters.jpeg,"World-class experts on African American health. Discussion of 11 topics including Fitness/Welnnes, Diabetes, Public Policy, etc.",7/18/2020. Day 1 recorded and Day 2 starts at 12:00PM ET,Virtual Health Event
Black Women Birthing Justice,black-women-birthing-justice,5f0b4420d3ce596edff35a1c,5f0b44b399c861e3356d554a,Sun Jul 12 2020 17:13:23 GMT+0000 (Coordinated Universal Time),Sun Jul 12 2020 17:36:29 GMT+0000 (Coordinated Universal Time),Sun Jul 12 2020 18:44:25 GMT+0000 (Coordinated Universal Time),https://www.blackwomenbirthingjustice.org/,https://uploads-ssl.webflow.com/5edfdc4615dbd34ff38974f4/5f0b4a1b898084c5ccad049e_black_women_birthing_justice.jpg,"Black Women Birthing Justice is a collective of African-American, African, Caribbean and multiracial women who are committed to transforming birthing experiences for Black women and transfolks",,"Maternal, Infant and Child Health"
Commonsense Childbirth,commonsense-childbirth,5f0b4420d3ce596edff35a1c,5f0b44b388788a1d948ff221,Sun Jul 12 2020 17:13:23 GMT+0000 (Coordinated Universal Time),Sun Jul 12 2020 17:41:28 GMT+0000 (Coordinated Universal Time),Sun Jul 12 2020 18:44:25 GMT+0000 (Coordinated Universal Time),https://commonsensechildbirth.org/,https://uploads-ssl.webflow.com/5edfdc4615dbd34ff38974f4/5f0b4b4614ae48564ec37f1e_common%20sense%20childbirth.jpg,helping women and families have better birth experiences.,,"Maternal, Infant and Child Health"
Ancient Song Doula Services,ancient-song-doula-services,5f0b4420d3ce596edff35a1c,5f0b44b2b7312892445b8a5d,Sun Jul 12 2020 17:13:22 GMT+0000 (Coordinated Universal Time),Sun Jul 12 2020 17:31:41 GMT+0000 (Coordinated Universal Time),Sun Jul 12 2020 18:44:25 GMT+0000 (Coordinated Universal Time),https://www.ancientsongdoulaservices.com/,https://uploads-ssl.webflow.com/5edfdc4615dbd34ff38974f4/5f0b48fb8fbf67774d27d907_ancient_song_doula.jpeg,"At Ancient Song Doula Services we focus on the whole and not the parts. Through community, advocacy, reproductive/birth justice and education we aim to tackle some of the issues effecting communities of color.",,"Maternal, Infant and Child Health"
Mamatoto Village,mamatoto-village,5f0b4420d3ce596edff35a1c,5f0b44b2746ab010d12d6a26,Sun Jul 12 2020 17:13:22 GMT+0000 (Coordinated Universal Time),Sun Jul 12 2020 17:51:38 GMT+0000 (Coordinated Universal Time),Sun Jul 12 2020 18:44:25 GMT+0000 (Coordinated Universal Time),https://www.mamatotovillage.org/,https://uploads-ssl.webflow.com/5edfdc4615dbd34ff38974f4/5f0b4da7849c2bee8fc8ae40_mamatoto_village.jpg,to creating career pathways for Women of Color in the field of public health and human services; and providing accessible perinatal support services,,"Maternal, Infant and Child Health"
The Black Maternal Health Caucus,the-black-maternal-health-caucus,5f0b4420d3ce596edff35a1c,5f0b44b19a1681bcca836440,Sun Jul 12 2020 17:13:21 GMT+0000 (Coordinated Universal Time),Sun Jul 12 2020 17:54:03 GMT+0000 (Coordinated Universal Time),Sun Jul 12 2020 18:44:25 GMT+0000 (Coordinated Universal Time),https://blackmaternalhealthcaucus-underwood.house.gov/about,https://uploads-ssl.webflow.com/5edfdc4615dbd34ff38974f4/5f0b49f21293a250d25b7775_black_maternal_health_caucus.jpg,The Black Maternal Health Caucus is organized around the goals of elevating the Black maternal health crisis within Congress and advancing policy solutions to improve maternal health outcomes and end disparities.,,"Maternal, Infant and Child Health"
MomsRising,momsrising,5f0b4420d3ce596edff35a1c,5f0b44b13ebc9ef2d48f2f75,Sun Jul 12 2020 17:13:21 GMT+0000 (Coordinated Universal Time),Sun Jul 12 2020 17:52:03 GMT+0000 (Coordinated Universal Time),Sun Jul 12 2020 18:44:25 GMT+0000 (Coordinated Universal Time),https://www.momsrising.org/,https://uploads-ssl.webflow.com/5edfdc4615dbd34ff38974f4/5f0b4dc159b2c25157967853_moms_rising.jpg,"MomsRising is a network of people just like you, united by the goal of building a more family-friendly America.",,"Maternal, Infant and Child Health"
Sista Midwife Productions,sista-midwife-productions,5f0b4420d3ce596edff35a1c,5f0b44b1da23cf7b69fd5f06,Sun Jul 12 2020 17:13:21 GMT+0000 (Coordinated Universal Time),Sun Jul 12 2020 17:52:52 GMT+0000 (Coordinated Universal Time),Sun Jul 12 2020 18:44:25 GMT+0000 (Coordinated Universal Time),https://www.sistamidwife.com/,https://uploads-ssl.webflow.com/5edfdc4615dbd34ff38974f4/5f0b4df1d3ce5914d7f36699_sista_midwife_productions.jpg,"provides education, training and consultations for communities, birth workers and organizations that work with child bearing families",,"Maternal, Infant and Child Health"
The National Birth Equity Collaborative,the-national-birth-equity-collaborative,5f0b4420d3ce596edff35a1c,5f0b44b1eb57f2a69f6401a3,Sun Jul 12 2020 17:13:21 GMT+0000 (Coordinated Universal Time),Sun Jul 12 2020 17:54:40 GMT+0000 (Coordinated Universal Time),Sun Jul 12 2020 18:44:25 GMT+0000 (Coordinated Universal Time),https://birthequity.org/,https://uploads-ssl.webflow.com/5edfdc4615dbd34ff38974f4/5f0b4e5e59b2c2519b967909_national_birth_equity_collaborative.jpeg,"NBEC creates solutions that optimize Black maternal and infant health through training, policy advocacy, research, and community-centered collaboration.",,"Maternal, Infant and Child Health"
Black Women for Wellness: Maternal and Infant Health Program,black-women-for-wellness-maternal-and-infant-health-program,5f0b4420d3ce596edff35a1c,5f0b44b1e1919720bb26ff34,Sun Jul 12 2020 17:13:21 GMT+0000 (Coordinated Universal Time),Sun Jul 12 2020 17:36:42 GMT+0000 (Coordinated Universal Time),Sun Jul 12 2020 18:44:25 GMT+0000 (Coordinated Universal Time),https://www.bwwla.org/black-maternal-and-infant-health/,https://uploads-ssl.webflow.com/5edfdc4615dbd34ff38974f4/5f0b4a286632f7cef163cc43_black_women_for_wellness.jpg,utilizes policy and program development to call attention to the staggering rate of Black maternal and infant mortality in Los Angeles County.,,"Maternal, Infant and Child Health"
Modern Melanin Mom,modern-melanin-mom,5f0b4420d3ce596edff35a1c,5f0b44b0a7387f5b7dd8a3f6,Sun Jul 12 2020 17:13:20 GMT+0000 (Coordinated Universal Time),Sun Jul 12 2020 17:51:56 GMT+0000 (Coordinated Universal Time),Sun Jul 12 2020 18:44:25 GMT+0000 (Coordinated Universal Time),https://www.modernmelaninmom.com/about-2,https://uploads-ssl.webflow.com/5edfdc4615dbd34ff38974f4/5f0b4db9c085175ca3043c6f_modern_melanin_mom.png,Blog that provides a safe space for mothers to be unapologetically black and themselves,,"Maternal, Infant and Child Health"
Black Mamas Matter,black-mamas-matter,5f0b4420d3ce596edff35a1c,5f0b44b0067758c18a63aae6,Sun Jul 12 2020 17:13:20 GMT+0000 (Coordinated Universal Time),Sun Jul 12 2020 17:35:39 GMT+0000 (Coordinated Universal Time),Sun Jul 12 2020 18:44:25 GMT+0000 (Coordinated Universal Time),https://blackmamasmatter.org/bmhw/,https://uploads-ssl.webflow.com/5edfdc4615dbd34ff38974f4/5f0b49e8fda67087cfe7e89f_black_mamas_matter.jpg,"Vision: We envision a world where Black mamas have the rights, respect, and resources to thrive before, during, and after pregnancy.",,"Maternal, Infant and Child Health"
"Safeguarding
Maternal Health and
Rights in the United
States During the
COVID-19 Pandemic",safeguarding-maternal-health-and-rights-in-the-united-states-during-the-covid-19-pandemic,5f0b4420d3ce596edff35a1c,5f0b44b0e19197996326ff33,Sun Jul 12 2020 17:13:20 GMT+0000 (Coordinated Universal Time),Sun Jul 12 2020 17:52:43 GMT+0000 (Coordinated Universal Time),Sun Jul 12 2020 18:44:25 GMT+0000 (Coordinated Universal Time),https://reproductiverights.org/sites/default/files/documents/Safeguarding%20Maternal%20Health%20and%20Rights%20in%20the%20United%20States%20During%20the%20COVID-19%20Pandemic.pdf,https://uploads-ssl.webflow.com/5edfdc4615dbd34ff38974f4/5f0b4de9fda6706c62e7edb3_safeguarding.jpg,Insight about the maternal health outcomes. African American women are 3-4x more likely to experience maternal mortality than any other race.,,"Maternal, Infant and Child Health"
A Black Mamas Guide to Living and Thriving,a-black-mamas-guide-to-living-and-thriving,5f0b4420d3ce596edff35a1c,5f0b44b079f2f2fe4e834360,Sun Jul 12 2020 17:13:20 GMT+0000 (Coordinated Universal Time),Sun Jul 12 2020 17:31:10 GMT+0000 (Coordinated Universal Time),Sun Jul 12 2020 18:44:25 GMT+0000 (Coordinated Universal Time),https://www.mamatotovillage.org/blackmamasguide.html,https://uploads-ssl.webflow.com/5edfdc4615dbd34ff38974f4/5f0b48db63d9d8f739a01244_Black%20mamas%20guide%20to%20living%20and%20thriving.jpg,Providing resources and services to foster healthy mamas who have healthy babies that create healthy communities,,"Maternal, Infant and Child Health"
Black Maternal Health Momnibus Act of 2020,black-maternal-health-momnibus-act-of-2020,5f0b4420d3ce596edff35a1c,5f0b44af99c861e1f46d5548,Sun Jul 12 2020 17:13:19 GMT+0000 (Coordinated Universal Time),Sun Jul 12 2020 17:35:48 GMT+0000 (Coordinated Universal Time),Sun Jul 12 2020 18:44:25 GMT+0000 (Coordinated Universal Time),https://www.congress.gov/bill/116th-congress/senate-bill/3424/actions?r=1&s=1,https://uploads-ssl.webflow.com/5edfdc4615dbd34ff38974f4/5f0b49f21293a250d25b7775_black_maternal_health_caucus.jpg,Address racial and ethnic disparities and address the black maternal health crisis.,,"Maternal, Infant and Child Health"
The Shades of Blue Project,the-shades-of-blue-project,5f0b4420d3ce596edff35a1c,5f0b44afb328f3d41668efd2,Sun Jul 12 2020 17:13:19 GMT+0000 (Coordinated Universal Time),Sun Jul 12 2020 17:54:58 GMT+0000 (Coordinated Universal Time),Sun Jul 12 2020 18:44:25 GMT+0000 (Coordinated Universal Time),https://www.shadesofblueproject.org/index.html,https://uploads-ssl.webflow.com/5edfdc4615dbd34ff38974f4/5f0b4e70cd92d952c5175a8b_shades_of_blue.png,dedicated to breaking cultural barriers in maternal mental health by raising awareness and ensuring action is taken to break the stigma surrounding seeking treatment in the minority community when experiencing complications after childbirth.,,General Mental Health Resources
Black Trans Advocacy Coalition,black-trans-advocacy-coalition,5f0b4420d3ce596edff35a1c,5f0b44af489a57969080f563,Sun Jul 12 2020 17:13:19 GMT+0000 (Coordinated Universal Time),Sun Jul 12 2020 17:36:18 GMT+0000 (Coordinated Universal Time),Sun Jul 12 2020 18:44:25 GMT+0000 (Coordinated Universal Time),https://blacktrans.org/,https://uploads-ssl.webflow.com/5edfdc4615dbd34ff38974f4/5f0b4a108fbf67752327da2f_black_trans_advocacy.jpg,he only national social justice organization led by black trans people to collectively address the inequities faced in the black transgender human experience,,General Mental Health Resources
Black Emotional and Mental Health,black-emotional-and-mental-health,5f0b4420d3ce596edff35a1c,5f0b44aff37a16fcaa015b24,Sun Jul 12 2020 17:13:19 GMT+0000 (Coordinated Universal Time),Sun Jul 12 2020 17:32:14 GMT+0000 (Coordinated Universal Time),Sun Jul 12 2020 18:44:25 GMT+0000 (Coordinated Universal Time),https://www.beam.community/,https://uploads-ssl.webflow.com/5edfdc4615dbd34ff38974f4/5f0b491c849c2b0f59c8a61f_black_emotional_and_mental.jpg,remove the barriers that Black people experience getting access to or staying connected with emotional health care and healing.,,General Mental Health Resources
Center for Black Women's Wellness,center-for-black-womens-wellness,5f0b4420d3ce596edff35a1c,5f0b44af59d835dd7a51fcde,Sun Jul 12 2020 17:13:19 GMT+0000 (Coordinated Universal Time),Sun Jul 12 2020 17:37:35 GMT+0000 (Coordinated Universal Time),Sun Jul 12 2020 18:44:25 GMT+0000 (Coordinated Universal Time),https://www.cbww.org/,https://uploads-ssl.webflow.com/5edfdc4615dbd34ff38974f4/5f0b4a5d6b4272e2ccbc1e8a_center_for_black_womens_wellness.jpeg,"this legacy ensures that women and families will always have access to quality healthcare. We know physical, mental, emotional, and financial health is the foundation for full and productive lives where individuals can thrive and not merely survive.",,General Mental Health Resources
The Association of Black Psychologist,the-association-of-black-psychologist,5f0b4420d3ce596edff35a1c,5f0b44ae8b78aee45c3d162b,Sun Jul 12 2020 17:13:18 GMT+0000 (Coordinated Universal Time),Sun Jul 12 2020 17:53:38 GMT+0000 (Coordinated Universal Time),Sun Jul 12 2020 18:44:25 GMT+0000 (Coordinated Universal Time),https://www.abpsi.org/index.html,https://uploads-ssl.webflow.com/5edfdc4615dbd34ff38974f4/5f0b4e2127f3d33471b2323d_association_black_psychologists.jpeg,"mission and destiny as the liberation of the African Mind, empowerment of the African Character, and enlivenment and illumination of the African Spirit.",,General Mental Health Resources
Transparent Black Guy,transparent-black-guy,5f0b4420d3ce596edff35a1c,5f0b44ae2f29eb8853182252,Sun Jul 12 2020 17:13:18 GMT+0000 (Coordinated Universal Time),Sun Jul 12 2020 17:55:22 GMT+0000 (Coordinated Universal Time),Sun Jul 12 2020 18:44:25 GMT+0000 (Coordinated Universal Time),https://www.instagram.com/transparentblackguy/?hl=en,https://uploads-ssl.webflow.com/5edfdc4615dbd34ff38974f4/5f0b4e895dca80fb075fcacb_transparent_black_guy.jpeg,Black men need a platform where their healing is the priority,,General Mental Health Resources
The Loveland Foundation,the-loveland-foundation,5f0b4420d3ce596edff35a1c,5f0b44ae59d8353ad151fcdd,Sun Jul 12 2020 17:13:18 GMT+0000 (Coordinated Universal Time),Sun Jul 12 2020 17:54:14 GMT+0000 (Coordinated Universal Time),Sun Jul 12 2020 18:44:25 GMT+0000 (Coordinated Universal Time),https://thelovelandfoundation.org/,https://uploads-ssl.webflow.com/5edfdc4615dbd34ff38974f4/5f0b4e44bf7bfc19f8ff4660_loveland_foundation.jpeg,"Committed to showing up for communities of color in unique and powerful ways, with a particular focus on Black women and girls.",,General Mental Health Resources
Brown Girl Self-Care,brown-girl-self-care,5f0b4420d3ce596edff35a1c,5f0b44ad8e6becd8c8e2abe1,Sun Jul 12 2020 17:13:17 GMT+0000 (Coordinated Universal Time),Sun Jul 12 2020 17:37:26 GMT+0000 (Coordinated Universal Time),Sun Jul 12 2020 18:44:25 GMT+0000 (Coordinated Universal Time),https://www.browngirlselfcare.com/start-here-sis,https://uploads-ssl.webflow.com/5edfdc4615dbd34ff38974f4/5f0b4a556aab90166d0fd7d2_brown_girl_self_Care.jpeg,Mission: Help Black women healing from trauma go from “every once in a while” self-care to EVERY DAY self-care,,General Mental Health Resources
Black Girl In Om,black-girl-in-om,5f0b4420d3ce596edff35a1c,5f0b44ad1daa2437c8f25dfe,Sun Jul 12 2020 17:13:17 GMT+0000 (Coordinated Universal Time),Sun Jul 12 2020 17:32:22 GMT+0000 (Coordinated Universal Time),Sun Jul 12 2020 18:44:25 GMT+0000 (Coordinated Universal Time),https://www.instagram.com/blackgirlinom/,https://uploads-ssl.webflow.com/5edfdc4615dbd34ff38974f4/5f0b4924849c2b493dc8a621_black_girl_in_om.jpeg,"Vision: a world where womxn of color are liberated, empowered & seen.",,General Mental Health Resources
Therapy for Black Girls,therapy-for-black-girls,5f0b4420d3ce596edff35a1c,5f0b44ada6907204f1bd3d13,Sun Jul 12 2020 17:13:17 GMT+0000 (Coordinated Universal Time),Sun Jul 12 2020 17:55:13 GMT+0000 (Coordinated Universal Time),Sun Jul 12 2020 18:44:25 GMT+0000 (Coordinated Universal Time),https://therapyforblackgirls.com/,https://uploads-ssl.webflow.com/5edfdc4615dbd34ff38974f4/5f0b4e80cd92d95d47175abf_thereapy_for_black_girls.jpg,online space dedicated to encouraging the mental wellness of Black women and girls.,,General Mental Health Resources
the siwe project,the-siwe-project,5f0b4420d3ce596edff35a1c,5f0b44ad0677582f3c63aae5,Sun Jul 12 2020 17:13:17 GMT+0000 (Coordinated Universal Time),Sun Jul 12 2020 17:55:07 GMT+0000 (Coordinated Universal Time),Sun Jul 12 2020 18:44:25 GMT+0000 (Coordinated Universal Time),https://www.instagram.com/thesiweproject/?hl=en,https://uploads-ssl.webflow.com/5edfdc4615dbd34ff38974f4/5f0b4e7ab2175967a693161e_siwe_project.jpeg,dedicated to promoting mental health awareness in the global Black Community. Help reduce stigma by telling your story,,General Mental Health Resources
Black Mental Health Alliance,black-mental-health-alliance,5f0b4420d3ce596edff35a1c,5f0b44acb1f67fe7369a3b61,Sun Jul 12 2020 17:13:16 GMT+0000 (Coordinated Universal Time),Sun Jul 12 2020 17:35:58 GMT+0000 (Coordinated Universal Time),Sun Jul 12 2020 18:44:25 GMT+0000 (Coordinated Universal Time),https://blackmentalhealth.com/,https://uploads-ssl.webflow.com/5edfdc4615dbd34ff38974f4/5f0b49fd6b42726ea2bc1dad_black_mental_health_alliance.jpg,"Mission: To develop, promote and sponsor trusted culturally-relevant educational forums, trainings and referral services that support the health and well-being of Black people and other vulnerable communities.",,General Mental Health Resources
Black Health Matters,black-health-matters,5f0b4420d3ce596edff35a1c,5f0b44ac9a1681813083643f,Sun Jul 12 2020 17:13:16 GMT+0000 (Coordinated Universal Time),Sun Jul 12 2020 17:32:38 GMT+0000 (Coordinated Universal Time),Sun Jul 12 2020 18:44:25 GMT+0000 (Coordinated Universal Time),https://blackhealthmatters.com/,https://uploads-ssl.webflow.com/5edfdc4615dbd34ff38974f4/5f0b4935e32edc9d8e8fae3b_black_health_matters.jpeg,Everything health and the black community,,General Mental Health Resources
